{
    "mapMigrations": [
        {
            "updateTo": "2.0",
            "path": "migrations/coin-migration"
        },
        {
            "updateTo": "3.0",
            "path": "migrations/cam-migration"
        },
        {
            "updateTo": "4.0",
            "name": "0.2"
        },
        {
            "updateTo": "5.0",
            "name": "0.3"
        },
        {
            "updateTo": "6.0",
            "name": "0.4"
        },
        {
            "updateTo": "7.0",
            "path": "migrations/animation-migration"
        },
        {
            "updateTo": "8.0",
            "path": "migrations/add-death-idle-animation-migration"
        },
        {
            "updateTo": "9.0",
            "path": "migrations/checkpoint-migration"
        },
        {
            "updateTo": "10.0",
            "path": "migrations/fix-teach-me-how-to-squatty-position"
        },
        {
            "updateTo": "11.0",
            "path": "migrations/make-checkpoint-animation-images-2048.js"
        },
        {
            "updateTo": "12.0",
            "path": "migrations/make-springling-animation-image-2048.js"
        },
        {
            "updateTo": "13.0",
            "path": "migrations/make-player-animation-images-2048.js"
        },
        {
            "updateTo": "14.0",
            "path": "migrations/flat-animations-migration.js"
        },
        {
            "updateTo": "15.0",
            "path": "migrations/add-camera-actor-depth.js"
        },
        {
            "updateTo": "16.0",
            "path": "migrations/animations-with-hats-migration.js"
        },
        {
            "updateTo": "17.0",
            "path": "migrations/fix-that-damn-eyebrow.js"
        },
        {
            "updateTo": "18.0",
            "path": "migrations/flower-checkpoint-migration.js"
        },
        {
            "updateTo": "19.0",
            "path": "migrations/fix-player-hitbox-migration.js"
        }
    ],
    "editorVersion": "0.4",
    "projectVersion": "19.0"
}