{
    "skins": [
        {
            "name": "normal",
            "price": 0
        },
        {
            "name": "recolor1",
            "price": 500
        },
        {
            "name": "recolorB",
            "price": 500
        },
        {
            "name": "recolorC",
            "price": 500
        },
        {
            "name": "recolorD",
            "price": 500
        },
        {
            "name": "recolorE",
            "price": 500
        },
        {
            "name": "recolorF",
            "price": 500
        },
        {
            "name": "recolorG",
            "price": 500
        },
        {
            "name": "recolorH",
            "price": 500
        },
        {
            "name": "recolorI",
            "price": 500
        },
        {
            "name": "recolorJ",
            "price": 500
        },
        {
            "name": "squatboss",
            "price": 500
        },
        {
            "name": "bright",
            "price": 500
        },
        {
            "name": "plaid",
            "price": 500
        },
        {
            "name": "america",
            "price": 500
        },
        {
            "name": "rainbow",
            "price": 500
        },
        {
            "name": "shadow",
            "price": 500
        },
        {
            "name": "bird",
            "price": 2000
        },
        {
            "name": "redBird",
            "price": 2000
        },
        {
            "name": "newsie",
            "price": 2000
        },
        {
            "name": "space",
            "price": 2000
        },
        {
            "name": "headband",
            "price": 2000
        },
        {
            "name": "coffee",
            "price": 2000
        },
        {
            "name": "expeditioner",
            "price": 2000
        },
        {
            "name": "pirate",
            "price": 2000
        },
        {
            "name": "ilikeducks",
            "price": 2000
        },
        {
            "name": "snow",
            "price": 2000
        },
        {
            "name": "bee",
            "price": 4000
        },
        {
            "name": "orca",
            "price": 4000
        },
        {
            "name": "brownCow",
            "price": 4000
        },
        {
            "name": "cow",
            "price": 4000
        },
        {
            "name": "bunny",
            "price": 4000
        },
        {
            "name": "chicken",
            "price": 4000
        },
        {
            "name": "dog",
            "price": 4000
        },
        {
            "name": "panda",
            "price": 4000
        },
        {
            "name": "vampire",
            "price": 4000
        },
        {
            "name": "witch",
            "price": 4000
        },
        {
            "name": "dino",
            "price": 4000
        },
        {
            "name": "purpleDino",
            "price": 4000
        },
        {
            "name": "fry",
            "price": 4000
        },
        {
            "name": "angel",
            "price": 4000
        },
        {
            "name": "die",
            "price": 4000
        },
        {
            "name": "invisible",
            "price": 4000
        },
        {
            "name": "bookshelf",
            "price": 8000
        },
        {
            "name": "easterIsland",
            "price": 8000
        },
        {
            "name": "fruits",
            "price": 8000
        },
        {
            "name": "watermelon",
            "price": 8000
        },
        {
            "name": "picasso",
            "price": 8000
        },
        {
            "name": "cactus",
            "price": 8000
        },
        {
            "name": "frog",
            "price": 8000
        },
        {
            "name": "planter",
            "price": 8000
        },
        {
            "name": "poly",
            "price": 8000
        },
        {
            "name": "squatbossrobo",
            "price": 8000
        },
        {
            "name": "lollipop",
            "price": 8000
        }
    ]
}
