{
    "challenge-mode": {
        "challenge-unlocks": [
            {
                "name": "A-Squat-Skip-And-A-Jump",
                "unlock-level": 4,
                "best-time-millis": "inf"
            },
            {
                "name": "Squatbot's-First-Spikes",
                "unlock-level": 4,
                "best-time-millis": "inf"
            },
            {
                "name": "Bouncing-Off-The-Walls",
                "unlock-level": 4,
                "best-time-millis": "inf"
            },
            {
                "name": "Ice-To-Meet-You",
                "unlock-level": 4,
                "best-time-millis": "inf"
            },
            {
                "name": "Spiketacular",
                "unlock-level": 4,
                "best-time-millis": "inf"
            },
            {
                "name": "Do-The-Slide",
                "unlock-level": 4,
                "best-time-millis": "inf"
            },
            {
                "name": "Wall-Kick-This-Way",
                "unlock-level": 4,
                "best-time-millis": "inf"
            },
            {
                "name": "Hot-Squat",
                "unlock-level": 4,
                "best-time-millis": "inf"
            },
            {
                "name": "The-Tower",
                "unlock-level": 4,
                "best-time-millis": "inf"
            },
            {
                "name": "squatty-challenge-onboarding",
                "unlock-level": 4,
                "best-time-millis": "inf"
            }
        ],
        "is-onboarding": false,
        "has-seen-finish-screen": true
    },
    "squatty-bird": {
        "high-score": -1,
        "is-onboarding": true
    },
    "cur-skin": 0,
    "coins": 1000050,
    "sound-volume-percent": 0.4704861044883728,
    "music-volume-percent": 0.0,
    "unlocked-skins": []
}