{
    "challenge-mode": {
        "challenge-unlocks": [
            {
                "name": "Squat-Skip-And-A-Jump",
                "unlock-level": 4
            },
            {
                "name": "Squatbot's-First-Spikes",
                "unlock-level": 4
            },
            {
                "name": "Spiketacular",
                "unlock-level": 4
            },
            {
                "name": "Ice-To-Meet-You",
                "unlock-level": 4
            },
            {
                "name": "Do-The-Slide",
                "unlock-level": 4
            },
            {
                "name": "Wall-Kick-This-Way",
                "unlock-level": 2
            }
        ]
    },
    "squatty-bird": {
        "high-score": -1,
        "is-onboarding": true
    },
    "cur-skin": 0,
    "coins": 0,
    "unlocked-skins": []
}